ID,Title,Price,Category,Description,Images
130,"áo sơ mi Broad MUJI",600000,"Clothes","dễ chịu có xếp li","https://www.muji.com.vn/vn/product/muji-new-w-s-washed-broadcloth-regular-collar-l-slv-shirt-bc2o4a5a"
114,"Áo sơ mi",10000,"Clothes","độ cao bằng ăn bả mía","https://picsum.photos/640/480"
77,"áo sweater-ijxw",100,"Clothes","đẹp","https://cf.shopee.vn/file/sg-11134201-7repj-m2m14qogi6yx3a"
110,"áo phao",2222222,"Clothes","áo ấm","https://i.imgur.com/QkIa5tT.jpeg"
109,"Áo mới Phú Lưu 4444",123123,"Clothes","123123","https://i.imgur.com/1twoaDy.jpeg"
106,"Áo mới Phú Lưu 123",1234,"Clothes","123123","https://i.imgur.com/1twoaDy.jpeg"
104,"Áo mới Phú Lưu",123,"Clothes","Hay","https://i.imgur.com/1twoaDy.jpeg"
87,"Áo mới",12,"Clothes","Tuyệt vời","https://placeimg.com/640/480/any"
69,"Áo khoác Arsenal",23,"Electronics","thoáng mát","https://nhen.vn/products/ao-khoac-track-top-arsenal-terrace-icons-jm9390?variant=1164242881&source=googleshop&gad_source=1&gad_campaignid=22821606600&gbraid=0AAAAAC9fiM8CAZaj26gmAwz40pvXSw5VP&gclid=CjwKCAiA1obMBhAbEiwAsUBbInyXP9Mkdf4qZYU6lgTwPR4nDAtyS7j69WtvXW3xxmOMi6LgiX6eeBoCeoAQAvD_BwE"
103,"à lí ci à mêu 1770170737719",15,"Clothes","description aaaaa","https://i.imgur.com/QkIa5tT.jpeg"
54,"yyyy",2323,"Electronics","fdfsda","https://id.pngtree.com/free-png-vectors/gambar-kelinci-lucu"
58,"xinchao",123,"Clothes","hi","https://placeimg.com/640/480/any"
60,"wadawd",100,"Clothes","New product created from dashboard","https://i.imgur.com/1twoaDy.jpeg"
180,"vos bos convoco demergo tyrannus voluntarius advenio amicitia decumbo nisi denique crur supellex tyrannus conculco sto absum terra tristis nemo videlicet celebrer amaritudo stipes odio audentia tardus alo carcer voluntarius terminatio absconditus attollo vinco sui tero adulescens ratione theatrum adduco coepi ademptio caterva capillus confero verecundia texo arx adfectus speciosus",679,"Electronics","New orchid Table with ergonomic design for thorough comfort","https://picsum.photos/seed/P4rd1GE/2940/3046, https://picsum.photos/seed/Yk0S4o8SzU/3494/3502"
38,"Vibrant Runners: Bold Orange & Blue Sneakers",27,"Shoes","Step into style with these eye-catching sneakers featuring a striking combination of orange and blue hues. Designed for both comfort and fashion, these shoes come with flexible soles and cushioned insoles, perfect for active individuals who don't compromise on style. The reflective silver accents add a touch of modernity, making them a standout accessory for your workout or casual wear.","https://i.imgur.com/hKcMNJs.jpeg, https://i.imgur.com/NYToymX.jpeg, https://i.imgur.com/HiiapCt.jpeg"
39,"Vibrant Pink Classic Sneakers",84,"Shoes","Step into style with our Vibrant Pink Classic Sneakers! These eye-catching shoes feature a bold pink hue with iconic white detailing, offering a sleek, timeless design. Constructed with durable materials and a comfortable fit, they are perfect for those seeking a pop of color in their everyday footwear. Grab a pair today and add some vibrancy to your step!","https://i.imgur.com/mcW42Gi.jpeg, https://i.imgur.com/mhn7qsF.jpeg, https://i.imgur.com/F8vhnFJ.jpeg"
199,"vestigium volaticus denego fugiat culpo sperno terebro vesica cernuus stillicidium creptio adsidue arguo cinis tunc tardus contego tertius volup ascit mollitia canto appello cunabula thesis capto iure teneo decipio soluta clam ars qui decens quis verbum ducimus voluntarius adnuo stips facilis carbo spoliatio supellex solus suasoria peior cetera crepusculum verecundia",565,"Miscellaneous","Discover the bear-like agility of our Ball, perfect for new users","https://picsum.photos/seed/0nn4YHaO/1632/2034, https://picsum.photos/seed/Jlfna4IU/3318/293"
160,"Update Test 2",389,"Electronics","Featuring Radon-enhanced technology, our Gloves offers unparalleled velvety performance","https://picsum.photos/seed/ofGVO/3871/2430, https://picsum.photos/seed/VE5Fmeg/355/3033"
159,"Update Test 1",809,"Miscellaneous","Savor the savory essence in our Soap, designed for zany culinary adventures","https://picsum.photos/seed/hgmP5Rk/3924/675, https://picsum.photos/seed/qKpM868t0u/3382/1813"
157,"Update Test 0",994,"Shoes","New black Soap with ergonomic design for unsteady comfort","https://picsum.photos/seed/00UqGXnA/1251/2340, https://picsum.photos/seed/2dMbz4KM0/2367/1650"
151,"Unbranded Aluminum Chicken",78,"Shoes","New Pants model with 20 GB RAM, 528 GB storage, and elementary features","https://picsum.photos/seed/Iz2B5/3623/747, https://picsum.photos/seed/KqXrSAH/2041/1992"
158,"una porro iure cribro varius optio solvo umquam vulpes veniam subseco substantia et curis volva eveniet communis clibanus creta tollo degusto tantillus sonitus concido angulus certus aurum arma uberrime ademptio ad aurum coniuratio cavus dapifer exercitationem amitto aequus nesciunt cura vero solitudo saepe aeternus uterque cribro defluo calcar auditor usus",564,"Clothes","Experience the lime brilliance of our Hat, perfect for sardonic environments","https://picsum.photos/seed/AcOah67rE/3213/2655, https://picsum.photos/seed/mmATmcIhZV/2383/2938"
169,"ullus accedo aro aliquid comburo creta ad vulpes vero conscendo corporis tenax alias corrumpo commodo volup sui tumultus callide inflammatio voro tabernus porro video adiuvo acquiro combibo vomer accusamus corporis occaecati tubineus conforto apto caute autus animadverto carpo appello tripudio auxilium debeo tamen aeneus vilitas trans studio aeternus strenuus stipes",765,"Shoes","Small Bike designed with Marble for closed performance","https://picsum.photos/seed/brz68/1964/2302, https://picsum.photos/seed/mbvMI9EKU/1343/3497"
6,"Tnak Foundation pel prik Rean ot torn te cher",10,"Clothes","muy muy cher","https://shop.creatorset.com/cdn/shop/files/preview_images/Green_Screen_Ukranian_Kid_Crying_530x@2x.png?v=1725881563"
111,"thit ga",5222,"string","ngon","https://placehold.co/600x400"
94,"test1",12,"Clothes","2w","https://placehold.co/600x400"
107,"tesst1",123,"Furniture","test","https://picsum.photos/640/640?r=0.26652045072001784"
25,"Stylish Red & Silver Over-Ear Headphones",39,"Electronics","Immerse yourself in superior sound quality with these sleek red and silver over-ear headphones. Designed for comfort and style, the headphones feature cushioned ear cups, an adjustable padded headband, and a detachable red cable for easy storage and portability. Perfect for music lovers and audiophiles who value both appearance and audio fidelity.","https://i.imgur.com/YaSqa06.jpeg, https://i.imgur.com/isQAliJ.jpeg, https://i.imgur.com/5B8UQfh.jpeg"
56,"string",100,"string","string","https://pravatar.cc/"
79,"ssss",3,"Clothes","sssss","https://placehold.co/600x400"
100,"sss",1111,"Clothes","sss","https://picsum.photos/640/480"
197,"Soft Wooden Table @Special #Ch@rs! & Símb0ls hpUIG",296,"Shoes","Description with <html> & ""quotes"" and Cubitum debilito explicabo in colo deinde advoco cumque admitto creo.","https://picsum.photos/seed/PtATlUSb/3612/1502, https://picsum.photos/seed/ODCb7/542/968"
195,"Small Plastic Chair",93,"Miscellaneous","Featuring Antimony-enhanced technology, our Computer offers unparalleled free performance","https://picsum.photos/seed/Tp2GgrdbZ/317/783, https://picsum.photos/seed/j73PJg/3918/1799"
19,"Sleek Wireless Headphone & Inked Earbud Set",44,"Electronics","Experience the fusion of style and sound with this sophisticated audio set featuring a pair of sleek, white wireless headphones offering crystal-clear sound quality and over-ear comfort. The set also includes a set of durable earbuds, perfect for an on-the-go lifestyle. Elevate your music enjoyment with this versatile duo, designed to cater to all your listening needs.","https://i.imgur.com/yVeIeDa.jpeg, https://i.imgur.com/jByJ4ih.jpeg, https://i.imgur.com/KXj6Tpb.jpeg"
22,"Sleek Wireless Computer Mouse",10,"Electronics","Experience smooth and precise navigation with this modern wireless mouse, featuring a glossy finish and a comfortable ergonomic design. Its responsive tracking and easy-to-use interface make it the perfect accessory for any desktop or laptop setup. The stylish blue hue adds a splash of color to your workspace, while its compact size ensures it fits neatly in your bag for on-the-go productivity.","https://i.imgur.com/w3Y8NwQ.jpeg, https://i.imgur.com/WJFOGIC.jpeg, https://i.imgur.com/dV4Nklf.jpeg"
18,"Sleek White & Orange Wireless Gaming Controller",69,"Electronics","Elevate your gaming experience with this state-of-the-art wireless controller, featuring a crisp white base with vibrant orange accents. Designed for precision play, the ergonomic shape and responsive buttons provide maximum comfort and control for endless hours of gameplay. Compatible with multiple gaming platforms, this controller is a must-have for any serious gamer looking to enhance their setup.","https://i.imgur.com/ZANVnHE.jpeg, https://i.imgur.com/Ro5z6Tn.jpeg, https://i.imgur.com/woA93Li.jpeg"
27,"Sleek Smartwatch with Vibrant Display",16,"Electronics","Experience modern timekeeping with our high-tech smartwatch, featuring a vivid touch screen display, customizable watch faces, and a comfortable blue silicone strap. This smartwatch keeps you connected with notifications and fitness tracking while showcasing exceptional style and versatility.","https://i.imgur.com/LGk9Jn2.jpeg, https://i.imgur.com/1ttYWaI.jpeg, https://i.imgur.com/sPRWnJH.jpeg"
48,"Sleek Olive Green Hardshell Carry-On Luggage",48,"Miscellaneous","Travel in style with our durable hardshell carry-on, perfect for weekend getaways and business trips. This sleek olive green suitcase features smooth gliding wheels for easy airport navigation, a sturdy telescopic handle, and a secure zippered compartment to keep your belongings safe. Its compact size meets most airline overhead bin requirements, ensuring a hassle-free flying experience.","https://i.imgur.com/jVfoZnP.jpg, https://i.imgur.com/Tnl15XK.jpg, https://i.imgur.com/7OqTPO6.jpg"
28,"Sleek Modern Leather Sofa",53,"Furniture","Enhance the elegance of your living space with our Sleek Modern Leather Sofa. Designed with a minimalist aesthetic, it features clean lines and a luxurious leather finish. The robust metal legs provide stability and support, while the plush cushions ensure comfort. Perfect for contemporary homes or office waiting areas, this sofa is a statement piece that combines style with practicality.","https://i.imgur.com/Qphac99.jpeg, https://i.imgur.com/dJjpEgG.jpeg, https://i.imgur.com/MxJyADq.jpeg"
23,"Sleek Modern Laptop with Ambient Lighting",43,"Electronics","Experience next-level computing with our ultra-slim laptop, featuring a stunning display illuminated by ambient lighting. This high-performance machine is perfect for both work and play, delivering powerful processing in a sleek, portable design. The vibrant colors add a touch of personality to your tech collection, making it as stylish as it is functional.","https://i.imgur.com/OKn1KFI.jpeg, https://i.imgur.com/G4f21Ai.jpeg, https://i.imgur.com/Z9oKRVJ.jpeg"
24,"Sleek Modern Laptop for Professionals",97,"Electronics","Experience cutting-edge technology and elegant design with our latest laptop model. Perfect for professionals on-the-go, this high-performance laptop boasts a powerful processor, ample storage, and a long-lasting battery life, all encased in a lightweight, slim frame for ultimate portability. Shop now to elevate your work and play.","https://i.imgur.com/ItHcq7o.jpeg, https://i.imgur.com/55GM3XZ.jpeg, https://i.imgur.com/tcNJxoW.jpeg"
26,"Sleek Mirror Finish Phone Case",27,"Electronics","Enhance your smartphone's look with this ultra-sleek mirror finish phone case. Designed to offer style with protection, the case features a reflective surface that adds a touch of elegance while keeping your device safe from scratches and impacts. Perfect for those who love a minimalist and modern aesthetic.","https://i.imgur.com/yb9UQKL.jpeg, https://i.imgur.com/m2owtQG.jpeg, https://i.imgur.com/bNiORct.jpeg"
45,"Sleek Futuristic Electric Bicycle",22,"Miscellaneous","This modern electric bicycle combines style and efficiency with its unique design and top-notch performance features. Equipped with a durable frame, enhanced battery life, and integrated tech capabilities, it's perfect for the eco-conscious commuter looking to navigate the city with ease.","https://i.imgur.com/BG8J0Fj.jpg, https://i.imgur.com/ujHBpCX.jpg, https://i.imgur.com/WHeVL9H.jpg"
20,"Sleek Comfort-Fit Over-Ear Headphones",28,"Electronics","Experience superior sound quality with our Sleek Comfort-Fit Over-Ear Headphones, designed for prolonged use with cushioned ear cups and an adjustable, padded headband. Ideal for immersive listening, whether you're at home, in the office, or on the move. Their durable construction and timeless design provide both aesthetically pleasing looks and long-lasting performance.","https://i.imgur.com/SolkFEB.jpeg, https://i.imgur.com/KIGW49u.jpeg, https://i.imgur.com/mWwek7p.jpeg"
46,"Sleek All-Terrain Go-Kart",37,"Miscellaneous","Experience the thrill of outdoor adventures with our Sleek All-Terrain Go-Kart, featuring a durable frame, comfortable racing seat, and robust, large-tread tires perfect for handling a variety of terrains. Designed for fun-seekers of all ages, this go-kart is an ideal choice for backyard racing or exploring local trails.","https://i.imgur.com/Ex5x3IU.jpg, https://i.imgur.com/z7wAQwe.jpg, https://i.imgur.com/kc0Dj9S.jpg"
137,"shirt",25,"Clothes","this shirt is pretty","https://printify.com/wp-content/uploads/2023/10/Unisex-Garment-Dyed-T-Shirt-with-design.jpg"
135,"Secret Murah",1,"Clothes","Ready ikan secret murah bang","https://i0.wp.com/esportsnesia.com/wp-content/uploads/2025/12/list-secret-dish.webp"
124,"sdfsfsdf",876,"Electronics","sdfsdfsdfdsfsdfsdfdsfdsf","https://api.escuelajs.co/api/v1/files/102d7.jpeg"
125,"sdfsfdsf",67654,"Clothes","dfsgdsfsdfdsfdsfdsfdsfsf","https://api.escuelajs.co/api/v1/files/0762.jpeg"
123,"sdfdsfdsf",65456,"Electronics","sdfsfdsfsdfdsfdsfdsfdsf","https://api.escuelajs.co/api/v1/files/3fb5.jpeg"
122,"sang",5,"Miscellaneous","khong","https://placeimg.com/640/480/any"
150,"Rustic Plastic Soap",633,"Miscellaneous","Discover the warlike new Pizza with an exciting mix of Marble ingredients","https://picsum.photos/seed/4vp9PjSHB/300/1868, https://picsum.photos/seed/e6ej3o/365/221"
57,"rtfj,ảbsfymdgm",10000000,"Clothes","Xấu","https://encrypted-tbn3.gstatic.com/shopping?q=tbn:ANd9GcRnsUQhZjNAYLetRaT11gJl4XkgGkMBrHa87o69A-dh1f0CdphzknXIdpIgo01p25P6SAv_ZjNR3aRNosPv2effLGmcPNQPfU1WM1_KFjHweyaKpzVvpdbowfJCT9KKxF87&usqp=CAc"
176,"Refined Ceramic Chair",284,"Clothes","Innovative Shirt featuring weary technology and Marble construction","https://picsum.photos/seed/3RGC7Zll/728/1360, https://picsum.photos/seed/5lAbJ5N26r/2576/1854"
193,"Refined Bronze Chips",901,"Electronics","Our spicy-inspired Gloves brings a taste of luxury to your mediocre lifestyle","https://picsum.photos/seed/YuvYtc/2528/2934, https://picsum.photos/seed/iwWkIrUNyW/803/2460"
194,"Recycled Cotton Shirt",892,"Shoes","The pink Car combines Antigua and Barbuda aesthetics with Neodymium-based durability","https://picsum.photos/seed/pNfZid/3499/246, https://picsum.photos/seed/MvLGNC34U/907/1969"
149,"Reach",20,"Clothes","Kak kak kak bot bot bot","https://encrypted-tbn0.gstatic.com/images?q=tbn:ANd9GcTOZRBOroxSofi6r72NsFxzgRrmYvdabbgAWg&s"
36,"Rainbow Glitter High Heels",39,"Shoes","Step into the spotlight with these eye-catching rainbow glitter high heels. Designed to dazzle, each shoe boasts a kaleidoscope of shimmering colors that catch and reflect light with every step. Perfect for special occasions or a night out, these stunners are sure to turn heads and elevate any ensemble.","https://i.imgur.com/62gGzeF.jpeg, https://i.imgur.com/5MoPuFM.jpeg, https://i.imgur.com/sUVj7pK.jpeg"
47,"Radiant Citrus Eau de Parfum",73,"Miscellaneous","Indulge in the essence of summer with this vibrant citrus-scented Eau de Parfum. Encased in a sleek glass bottle with a bold orange cap, this fragrance embodies freshness and elegance. Perfect for daily wear, it's an olfactory delight that leaves a lasting, zesty impression.","https://i.imgur.com/xPDwUb3.jpg, https://i.imgur.com/3rfp691.jpg, https://i.imgur.com/kG05a29.jpg"
98,"quần lót",20000,"Clothes","2nd","https://product.hstatic.net/200000886795/product/ibx006_xanhtimthan_1_c680877fb03b4044b64f54973a82d2c5.jpg"
129,"Quần chino",700000,"Clothes","dễ mặc thoải mái,form dễ chịu","https://tamanh.net/quan-chinos.html?srsltid=AfmBOorAKJrGD73fLOpDTQqz2bi4EMEdW5UrKxYl93PxWeoHOIu5sUJL"
116,"q",10,"Clothes","qqq","https://picsum.photos/640/640"
152,"Practical Rubber Keyboard",94,"Electronics","Innovative Car featuring utilized technology and Steel construction","https://picsum.photos/seed/l2SwWC0eP/1723/2777, https://picsum.photos/seed/dWTcp3tWzW/2662/1966"
91,"Phao câu",5342342,"444","ưeadwd","https://i.imgur.com/QkIa5tT.jpeg"
196,"Oriental Gold Sausages",61,"Electronics","Carroll LLC's most advanced Fish technology increases clueless capabilities","https://picsum.photos/seed/rG0lW/1421/502, https://picsum.photos/seed/TGHNgD/3208/2206"
59,"nguyen huu tai",32131,"444","pdls fksnf alsdfcv keafc  fkxnc skcn sdfhc dcn sjceuafohaw fhh c","https://api.escuelajs.co/api/v1/files/5d93.jpg, https://api.escuelajs.co/api/v1/files/4a2b.jpg, https://api.escuelajs.co/api/v1/files/c2fe.jpg"
70,"Ngo Minh Hai 2280600805",66667,"Clothes","New product","https://placehold.co/600x400"
65,"New Product 2",100,"Clothes","Test product 2","https://www.mamp.one/free-image-resources-for-web-designers-where-to-find-high-quality-visuals/"
61,"New Product",100,"Clothes","Test product","https://placeimg.com/640/480/any"
143,"My Team",10,"Clothes","Jes tea dak tv","https://encrypted-tbn0.gstatic.com/images?q=tbn:ANd9GcQR74CEdOZU135J1dthz4g86pdIPLm81JsH7Q&s"
141,"My bini Asli",9999,"Clothes","My bini cayang","https://i.pinimg.com/736x/64/b7/09/64b709b74b9e767c50809bd303209a52.jpg"
139,"My bini",9999,"Clothes","My bini cayang","https://i.pinimg.com/736x/d0/43/38/d04338df93cf3c329f36e4b974dae663.jpg"
198,"Modern Wooden Mouse @Special #Ch@rs! & Símb0ls bHE3H",23,"Shoes","Description with <html> & ""quotes"" and In vilitas cubitum teres cinis autem universe cresco.","https://picsum.photos/seed/Q75Q9r92I/556/2809, https://picsum.photos/seed/sTvO4iA/2624/3414"
33,"Modern Minimalist Workstation Setup",49,"Furniture","Elevate your home office with our Modern Minimalist Workstation Setup, featuring a sleek wooden desk topped with an elegant computer, stylish adjustable wooden desk lamp, and complimentary accessories for a clean, productive workspace. This setup is perfect for professionals seeking a contemporary look that combines functionality with design.","https://i.imgur.com/3oXNBst.jpeg, https://i.imgur.com/ErYYZnT.jpeg, https://i.imgur.com/boBPwYW.jpeg"
34,"Modern Ergonomic Office Chair",71,"Furniture","Elevate your office space with this sleek and comfortable Modern Ergonomic Office Chair. Designed to provide optimal support throughout the workday, it features an adjustable height mechanism, smooth-rolling casters for easy mobility, and a cushioned seat for extended comfort. The clean lines and minimalist white design make it a versatile addition to any contemporary workspace.","https://i.imgur.com/3dU0m72.jpeg, https://i.imgur.com/zPU3EVa.jpeg"
31,"Modern Elegance Teal Armchair",25,"Furniture","Elevate your living space with this beautifully crafted armchair, featuring a sleek wooden frame that complements its vibrant teal upholstery. Ideal for adding a pop of color and contemporary style to any room, this chair provides both superb comfort and sophisticated design. Perfect for reading, relaxing, or creating a cozy conversation nook.","https://i.imgur.com/6wkyyIN.jpeg, https://i.imgur.com/Ald3Rec.jpeg, https://i.imgur.com/dIqo03c.jpeg"
29,"Mid-Century Modern Wooden Dining Table",24,"Furniture","Elevate your dining room with this sleek Mid-Century Modern dining table, featuring an elegant walnut finish and tapered legs for a timeless aesthetic. Its sturdy wood construction and minimalist design make it a versatile piece that fits with a variety of decor styles. Perfect for intimate dinners or as a stylish spot for your morning coffee.","https://i.imgur.com/DMQHGA0.jpeg, https://i.imgur.com/qrs9QBg.jpeg, https://i.imgur.com/XVp8T1I.jpeg"
9,"Me Pel Final Project",13700,"Clothes","AI is life","https://i.pinimg.com/736x/8f/67/4f/8f674f49d2eecd022377a366618d1d6b.jpg"
126,"may say",17770000,"Clothes","sdfdsfdsfsdfsdfsdfdsfdsf","https://encrypted-tbn0.gstatic.com/images?q=tbn:ANd9GcRY1bmofZdUxRkhRmauwcHlWLFYPl_azLCXzA&s"
178,"Luxurious Steel Chair",56,"Miscellaneous","Introducing the Brunei Darussalam-inspired Fish, blending scented style with local craftsmanship","https://picsum.photos/seed/YovKshz/1130/3404, https://picsum.photos/seed/faC4jXVAK/1377/2843"
105,"loc",123,"Clothes","loc","https://i.imgur.com/QkIa5tT.jpeg"
71,"Laptop Gaming Asus ROG Strix SCAR 18 G835LX-SA193W",132,"Clothes","Là Laptop Gamming","https://cdn.hstatic.net/products/200000837185/asus_rog_strix_scar_18_g835lx-sa193w_7d82c676928a4ff3b54f048a189b92f0_master.jpg"
66,"Laptop",132,"Clothes","à","https://cdn.hstatic.net/products/200000837185/asus_rog_strix_scar_18_g835lx-sa193w_7d82c676928a4ff3b54f048a189b92f0_master.jpg"
127,"kkkkkk",222,"Clothes","kkkkkk","https://i.imgur.com/QkIa5tT.jpeg"
128,"jordan's",1000000000000,"Shoes","jordans","https://encrypted-tbn3.gstatic.com/shopping?q=tbn:ANd9GcQzgUJn15XcQdsZniZwUYb9xhI5Gh5VkN4mdDPHBoekPFKI1eOXSH3TlZNJ4EqHwDBNQZlNczjgeQkmq-UkwK6eR8tKlgKdP37uUBIMvPgTbAzo-4gQ00gu41AlQxUys99M_g&usqp=CAc"
131,"Joko Widodo",100000,"Clothes","Hidup Jokowi","https://img.freepik.com/free-psd/3d-postman-character-composition_23-2151516768.jpg?semt=ais_hybrid&w=740&q=80"
115,"Iphone 12",19999,"Furniture","Mắc","https://encrypted-tbn1.gstatic.com/shopping?q=tbn:ANd9GcT41Ajz69jaN5BTjwsUvK_hkXHRnLfkmPwqpnfoUHtjomOjKaLhWyzNe2YFkFAS5L_PWKMcOctjRanUu4--CdI9mHys_OjCXe2gJ1y9CzsUESHsr1GyJDYm5qvVMngNaf0C&usqp=CAc"
84,"Iphone",100000,"Clothes","Mắc","https://encrypted-tbn1.gstatic.com/shopping?q=tbn:ANd9GcT41Ajz69jaN5BTjwsUvK_hkXHRnLfkmPwqpnfoUHtjomOjKaLhWyzNe2YFkFAS5L_PWKMcOctjRanUu4--CdI9mHys_OjCXe2gJ1y9CzsUESHsr1GyJDYm5qvVMngNaf0C&usqp=CAc"
80,"Ip",10000,"Clothes","Mắc","https://www.google.com/aclk?sa=L&ai=DChsSEwictorg2b6SAxXjVw8CHc5nGXQYACICCAEQARoCdGI&co=1&ase=2&gclid=CjwKCAiA1obMBhAbEiwAsUBbIohVnPgupDZ2yGPklqJTSoljuCs_zB9K8NWdqUWSB_8CIHiasurI7xoCQ7kQAvD_BwE&cid=CAAS0gHkaLc1ZN9hpUa7vorAV7bytVc5AG_Dios5VRrQfjU7RYnTghbBa9tVWemUWP6c1D_ZZy54b8TX-aJToumQi29A2ADMThM_DeRFiBP1amUNfLoBedLHCyQYQeAU4_-bPIfD_WLhfnFp4Ha2QlM_DHdtOjJVjWxl18YtoQ9u95Qgo5lkDV8FNvFqR4xTUUhwDUtqh_XUs9NDrCwSW-0JKY39h48eodisc8o1fMb65WFDaY3pohqhelM7Cya2AU75sVbGMnA3UNSl46GuU-P5-9Eulug&cce=2&category=acrcp_v1_32&sig=AOD64_0gPxVHxIfrsxEUBp7mqUCJ-rs-jg&ctype=5&q=&nis=4&ved=2ahUKEwi5z4bg2b6SAxXP8DQHHTlNEzUQwg8oAXoECAkQDA&adurl="
68,"hsd",6666,"Clothes","New product","https://placehold.co/600x400"
120,"Hoodie Zip Xám",10000,"Clothes","Nỉ bông","https://i.imgur.com/QCNbOAo.png"
64,"hoodie hs",19999,"Clothes","New product","https://i.imgur.com/1GrakTl.jpeg"
67,"Hoho",1000000,"Shoes","aaaaaaaaaaaaaaaaaaa","https://picsum.photos/640/640?r=0.26652045072001784"
96,"hihihehe 1770169706801",10,"Clothes","A Description","https://i.imgur.com/QkIa5tT.jpeg"
112,"hhhhhhh",10,"Clothes","ffffffffffff","https://picsum.photos/640/640"
136,"Hello",1000,"Clothes","hjdsfhsdajhfakjfehgweakjfh","https://i.pinimg.com/736x/65/34/ce/6534ce41c6bff421e62cf821061bdcbe.jpg"
72,"hehe",50,"Clothes","nah","https://placeimg.com/640/480/any"
148,"handmade cat shirt",250,"Clothes","this is best for your cat.","https://i.etsystatic.com/61055645/r/il/b9ea75/7331673866/il_fullxfull.7331673866_7qzf.jpg"
177,"Handcrafted Cotton Sausages",62,"Miscellaneous","Blanda, Bins and Wisozk's most advanced Keyboard technology increases meaty capabilities","https://picsum.photos/seed/7JxTNqc/848/1646, https://picsum.photos/seed/rKRuZVpQM/3499/546"
78,"gut",1213132,"Clothes","hhh","https://picsum.photos/640/640?r=0.26652045072001784"
8,"GrandPa Cat",200,"Clothes","Ni Hoa Fine Shyt","https://i.pinimg.com/736x/3e/53/de/3e53dee305379c51adbcc1f5c3fbd8b1.jpg"
175,"Gorgeous Ceramic Computer",99,"Clothes","Incredible Bacon designed with Steel for turbulent performance","https://picsum.photos/seed/t03rFtRPt/2459/1764, https://picsum.photos/seed/L8cgg3dgN/645/335"
147,"Good",11,"Clothes","Good Morning","https://www.aspca.org/sites/default/files/cat-care_general-cat-care_body1-left.jpg"
53,"gmdgkmogr",60000000,"Shoes","grggre","https://noithatami.com/wp-content/uploads/2023/08/cl12hs-ct1-ok.jpg"
179,"Generic Granite Tuna @Special #Ch@rs! & Símb0ls 5Wck7",87,"Electronics","Description with <html> & ""quotes"" and Atrocitas ambulo harum advenio veniam barba adaugeo ut pauci.","https://picsum.photos/seed/na7vq363/385/643, https://picsum.photos/seed/RYGr274Qnv/3495/2995"
173,"Generic Gold Towels",802,"Shoes","Ergonomic Soap made with Metal for all-day better support","https://picsum.photos/seed/Hfq43LXf/675/532, https://picsum.photos/seed/qZ1De2C1x/2618/126"
153,"Generic Aluminum Bike",439,"Shoes","New salmon Hat with ergonomic design for salty comfort","https://picsum.photos/seed/cSKx6rEfyi/1832/1914, https://picsum.photos/seed/GMKLg/2498/2944"
51,"gelas",50,"Miscellaneous","Enhance your drinkware collection with our sophisticated set of glass tumblers, perfect for serving your favorite beverages. This versatile set includes both clear and subtly tinted glasses, lending a modern touch to any table setting. Crafted with quality materials, these durable tumblers are designed to withstand daily use while maintaining their elegant appeal.","https://i.imgur.com/TF0pXdL.jpg, https://i.imgur.com/BLDByXP.jpg, https://i.imgur.com/b7trwCv.jpg"
97,"ga 50kg",10000000000,"Clothes","ngon luong","https://placehold.co/600x400"
40,"Futuristic Silver and Gold High-Top Sneaker",68,"Shoes","Step into the future with this eye-catching high-top sneaker, designed for those who dare to stand out. The sneaker features a sleek silver body with striking gold accents, offering a modern twist on classic footwear. Its high-top design provides support and style, making it the perfect addition to any avant-garde fashion collection. Grab a pair today and elevate your shoe game!","https://i.imgur.com/npLfCGq.jpeg, https://i.imgur.com/vYim3gj.jpeg, https://i.imgur.com/HxuHwBO.jpeg"
35,"Futuristic Holographic Soccer Cleats",39,"Shoes","Step onto the field and stand out from the crowd with these eye-catching holographic soccer cleats. Designed for the modern player, these cleats feature a sleek silhouette, lightweight construction for maximum agility, and durable studs for optimal traction. The shimmering holographic finish reflects a rainbow of colors as you move, ensuring that you'll be noticed for both your skills and style. Perfect for the fashion-forward athlete who wants to make a statement.","https://i.imgur.com/qNOjJje.jpeg, https://i.imgur.com/NjfCFnu.jpeg, https://i.imgur.com/eYtvXS1.jpeg"
41,"Futuristic Chic High-Heel Boots",36,"Shoes","Elevate your style with our cutting-edge high-heel boots that blend bold design with avant-garde aesthetics. These boots feature a unique color-block heel, a sleek silhouette, and a versatile light grey finish that pairs easily with any cutting-edge outfit. Crafted for the fashion-forward individual, these boots are sure to make a statement.","https://i.imgur.com/HqYqLnW.jpeg, https://i.imgur.com/RlDGnZw.jpeg, https://i.imgur.com/qa0O6fg.jpeg"
118,"furina body pillow",1000,"Clothes","sexy furina body pillow","https://i.etsystatic.com/37076340/r/il/588ae9/6676257239/il_fullxfull.6676257239_e1gj.jpg"
186,"Frozen Bronze Mouse @Special #Ch@rs! & Símb0ls E3QEC",632,"Furniture","Description with <html> & ""quotes"" and Omnis curia talus cernuus beatae.","https://picsum.photos/seed/Zm0V2tW/3891/2702, https://picsum.photos/seed/sDOrH/3928/852"
154,"Fresh Plastic Computer",69,"Furniture","Discover the repentant new Car with an exciting mix of Concrete ingredients","https://picsum.photos/seed/f3KWwce4oK/3241/3584, https://picsum.photos/seed/dUkG5r/527/835"
172,"Fresh Ceramic Table @Special #Ch@rs! & Símb0ls Gdeic",795,"Shoes","Description with <html> & ""quotes"" and Ago stillicidium adsidue ullam voco aggero ventosus aequus demergo.","https://picsum.photos/seed/BvLXn6Je/201/3229, https://picsum.photos/seed/Tbe3rOdb/2681/1520"
146,"flower",400,"Clothes","test111111","https://lollimeowpet.com/cdn/shop/products/O1CN01DTynvH1SZ7cBdMaIj__1080692260.jpg"
174,"Fantastic Bronze Pants",74,"Shoes","The azure Gloves combines Democratic People's Republic of Korea aesthetics with Actinium-based durability","https://picsum.photos/seed/xitGCho/3860/2077, https://picsum.photos/seed/FAVOc8GK/3110/649"
165,"Ergonomic Rubber Bike @Special #Ch@rs! & Símb0ls BoPjX",458,"Miscellaneous","Description with <html> & ""quotes"" and Solvo solitudo adfectus conicio teneo brevis constans valens.","https://picsum.photos/seed/lkM9sYqo/422/588, https://picsum.photos/seed/bvmiEmn/2151/1940"
32,"Elegant Solid Wood Dining Table",67,"Furniture","Enhance your dining space with this sleek, contemporary dining table, crafted from high-quality solid wood with a warm finish. Its sturdy construction and minimalist design make it a perfect addition for any home looking for a touch of elegance. Accommodates up to six guests comfortably and includes a striking fruit bowl centerpiece. The overhead lighting is not included.","https://i.imgur.com/4lTaHfF.jpeg, https://i.imgur.com/JktHE1C.jpeg, https://i.imgur.com/cQeXQMi.jpeg"
43,"Elegant Purple Leather Loafers",17,"Shoes","Step into sophistication with our Elegant Purple Leather Loafers, perfect for making a bold statement. Crafted from high-quality leather with a vibrant purple finish, these shoes feature a classic loafer silhouette that's been updated with a contemporary twist. The comfortable slip-on design and durable soles ensure both style and functionality for the modern man.","https://i.imgur.com/Au8J9sX.jpeg, https://i.imgur.com/gdr8BW2.jpeg, https://i.imgur.com/KDCZxnJ.jpeg"
42,"Elegant Patent Leather Peep-Toe Pumps with Gold-Tone Heel",53,"Shoes","Step into sophistication with these chic peep-toe pumps, showcasing a lustrous patent leather finish and an eye-catching gold-tone block heel. The ornate buckle detail adds a touch of glamour, perfect for elevating your evening attire or complementing a polished daytime look.","https://i.imgur.com/AzAY4Ed.jpeg, https://i.imgur.com/umfnS9P.jpeg, https://i.imgur.com/uFyuvLg.jpeg"
30,"Elegant Golden-Base Stone Top Dining Table",66,"Furniture","Elevate your dining space with this luxurious table, featuring a sturdy golden metal base with an intricate rod design that provides both stability and chic elegance. The smooth stone top in a sleek round shape offers a robust surface for your dining pleasure. Perfect for both everyday meals and special occasions, this table easily complements any modern or glam decor.","https://i.imgur.com/NWIJKUj.jpeg, https://i.imgur.com/Jn1YSLk.jpeg, https://i.imgur.com/VNZRvx5.jpeg"
21,"Efficient 2-Slice Toaster",48,"Electronics","Enhance your morning routine with our sleek 2-slice toaster, featuring adjustable browning controls and a removable crumb tray for easy cleaning. This compact and stylish appliance is perfect for any kitchen, ensuring your toast is always golden brown and delicious.","https://i.imgur.com/keVCVIa.jpeg, https://i.imgur.com/afHY7v2.jpeg, https://i.imgur.com/yAOihUe.jpeg"
95,"eeeeeeeeee",100000000,"Electronics","aaaaaaaaaaaaaaaaaaaaaaaaaaaaaaaaaaaaaaaaaa","https://encrypted-tbn0.gstatic.com/shopping?q=tbn:ANd9GcRDwVRdfdiK59UWoa3r_44Y68wWJn6zvS8pk2f_o7d184KI45KyKQgh7zS-2_ra2zYOPgoAsusEjWkYoH3l13s-5Rrq9pLoKMT5jBf9hgQ4zbtaAUQtF5pO07xYsSIKVcTR03pXMQ&usqp=CAc"
200,"ea amiculum votum cotidie aeternus testimonium abbas vallum thymbra confugo tantum curo ipsam pectus soleo video vitiosus tabella non accendo officiis accusantium tot custodia ambitus sint tibi ullus delego possimus eum maxime quos certe labore celer cruentus tergo verto vere nihil textus bellum thymum aestivus sapiente sopor valeo curo dolores",569,"Electronics","Ergonomic Keyboard made with Bronze for all-day rundown support","https://picsum.photos/seed/kBBe6/2607/1899, https://picsum.photos/seed/vbLcIqO/478/682"
75,"dsdsd",1212,"Clothes","Sản phẩm mới","https://placeimg.com/640/480/any"
88,"dsads",22222000,"Clothes","đấ","https://placehold.co/600"
101,"dr026",26,"Miscellaneous","dr026","https://api.escuelajs.co/api/v1/files/4a09.png"
144,"Dog",100,"Clothes","This dog is cute.","https://i.pinimg.com/736x/76/a8/74/76a874c23b0eb2febdb0c1ce365f393c.jpg"
187,"desidero sperno auctus voco demens summa undique volaticus ambitus advenio tondeo ver substantia vomer tego depromo antiquus acceptus abundans nam urbanus cedo centum tutamen victoria acerbitas vacuus balbus custodia aegrus paens vorago cruentus solutio traho sublime turpis sumptus aperte amissio tandem viriliter laborum vigor spiritus aspicio tribuo molestiae aliqua quasi",249,"Shoes","The June Keyboard is the latest in a series of soulful products from Waters Group","https://picsum.photos/seed/XBjfDUOPL/931/2446, https://picsum.photos/seed/4gaa3i1T/243/2997"
73,"dddd",30,"Clothes","cccc","https://placeimg.com/640/480/any"
190,"Concurrent Product 5 - fd986974",105,"Shoes","Discover the parrot-like agility of our Hat, perfect for pretty users","https://picsum.photos/seed/lasyb/3390/3251, https://picsum.photos/seed/VdJXS/1066/1242"
182,"Concurrent Product 5 - e95d149d",105,"Shoes","Our cat-friendly Pants ensures gentle comfort for your pets","https://picsum.photos/seed/2wrGUfHaL/388/1680, https://picsum.photos/seed/M54cuUvp/3808/1494"
164,"Concurrent Product 5 - aaf12edb",105,"Shoes","Our zesty-inspired Table brings a taste of luxury to your hopeful lifestyle","https://picsum.photos/seed/Utkhio7/308/3059, https://picsum.photos/seed/CQt1hFpaJG/1211/2338"
167,"Concurrent Product 5 - 95a4c608",105,"Furniture","The sleek and blushing Mouse comes with tan LED lighting for smart functionality","https://picsum.photos/seed/mZncEEf/3595/1184, https://picsum.photos/seed/BoCFZ/2316/1276"
205,"Concurrent Product 5 - 0f901bc8",105,"Furniture","Discover the flamingo-like agility of our Chips, perfect for unconscious users","https://picsum.photos/seed/g42ie5MYq/2935/3650, https://picsum.photos/seed/GgZSqK/1323/1089"
189,"Concurrent Product 4 - cca62ec3",104,"Electronics","Professional-grade Keyboard perfect for scornful training and recreational use","https://picsum.photos/seed/jIDm9h/139/3075, https://picsum.photos/seed/uQ8t2q3/3126/3119"
168,"Concurrent Product 4 - c41f2d2c",104,"Shoes","Innovative Ball featuring able technology and Marble construction","https://picsum.photos/seed/8gQd4vg/250/1879, https://picsum.photos/seed/jKCUY/3516/2239"
183,"Concurrent Product 4 - 946d8d08",104,"Clothes","New Chips model with 51 GB RAM, 802 GB storage, and soupy features","https://picsum.photos/seed/GToQLa/3900/1201, https://picsum.photos/seed/sQ7dKsvKVC/3195/876"
206,"Concurrent Product 4 - 92232ad5",104,"Electronics","New yellow Bacon with ergonomic design for ambitious comfort","https://picsum.photos/seed/bK2E9Ws/1653/2384, https://picsum.photos/seed/HLwIUTegoB/2659/1670"
161,"Concurrent Product 4 - 41e6ac0f",104,"Shoes","Stylish Fish designed to make you stand out with sparse looks","https://picsum.photos/seed/2G3Dbp/1035/836, https://picsum.photos/seed/DTxEkpf/2917/113"
163,"Concurrent Product 3 - d780d6b2",103,"Miscellaneous","Discover the snake-like agility of our Bacon, perfect for jagged users","https://picsum.photos/seed/X3zwImw3zB/318/2257, https://picsum.photos/seed/EM3zLSRm5F/289/3740"
184,"Concurrent Product 3 - 669c92fa",103,"Miscellaneous","Introducing the Oman-inspired Gloves, blending idealistic style with local craftsmanship","https://picsum.photos/seed/Gq8cPljbV/3614/1876, https://picsum.photos/seed/C8v95fiK/2875/1047"
171,"Concurrent Product 3 - 55e6531b",103,"Electronics","Experience the plum brilliance of our Towels, perfect for wealthy environments","https://picsum.photos/seed/maqGHqI26/309/377, https://picsum.photos/seed/YkLpobt7/1944/1123"
204,"Concurrent Product 3 - 528e6934",103,"Furniture","Discover the productive new Chicken with an exciting mix of Wooden ingredients","https://picsum.photos/seed/mwgZ9fmb7j/1746/667, https://picsum.photos/seed/gsRnFPX7/1410/1246"
191,"Concurrent Product 3 - 06052172",103,"Electronics","Featuring Livermorium-enhanced technology, our Ball offers unparalleled closed performance","https://picsum.photos/seed/1glBKveR/1859/841, https://picsum.photos/seed/MoWBguO/1957/136"
185,"Concurrent Product 2 - f8ec9f3d",102,"Shoes","Our moist-inspired Soap brings a taste of luxury to your colorless lifestyle","https://picsum.photos/seed/7fFHNiWyu/1861/1010, https://picsum.photos/seed/wuqB7/3160/404"
162,"Concurrent Product 2 - bcfb75d1",102,"Furniture","Innovative Towels featuring true technology and Gold construction","https://picsum.photos/seed/lOPD46y/2166/3851, https://picsum.photos/seed/NnHdLGMzGH/202/3193"
192,"Concurrent Product 2 - 63a34c86",102,"Electronics","Discover the crocodile-like agility of our Pizza, perfect for troubled users","https://picsum.photos/seed/QcV8C6SDpJ/2295/3614, https://picsum.photos/seed/eU8qfKD2/1147/731"
203,"Concurrent Product 2 - 4a06ece1",102,"Furniture","Recycled Car designed with Gold for made-up performance","https://picsum.photos/seed/Di9VUjatI/3739/683, https://picsum.photos/seed/qkrHT9Zf/3807/2636"
166,"Concurrent Product 2 - 351e85f4",102,"Clothes","New Shirt model with 96 GB RAM, 767 GB storage, and insidious features","https://picsum.photos/seed/fmNiDed/992/3919, https://picsum.photos/seed/epYtmAp/2307/1651"
201,"Concurrent Product 1 - 898aeb2f",101,"Furniture","Innovative Computer featuring fortunate technology and Rubber construction","https://picsum.photos/seed/KfuJw8ab/3408/3919, https://picsum.photos/seed/2hVfrD/3315/2289"
181,"Concurrent Product 1 - 88da8562",101,"Electronics","Discover the minor new Hat with an exciting mix of Gold ingredients","https://picsum.photos/seed/sfRaG/1872/3603, https://picsum.photos/seed/cF16S/2611/737"
156,"Concurrent Product 1 - 75e9a795",101,"Electronics","Discover the polar bear-like agility of our Soap, perfect for immense users","https://picsum.photos/seed/3hXtQavi/169/1643, https://picsum.photos/seed/l2OYe/3465/89"
202,"Concurrent Product 1 - 437f32c2",101,"Furniture","Our shark-friendly Hat ensures last comfort for your pets","https://picsum.photos/seed/2nariGq2/111/3382, https://picsum.photos/seed/ZauvKMqtO/666/2509"
188,"Concurrent Product 1 - 1d4979c6",101,"Furniture","Our elephant-friendly Shoes ensures sparse comfort for your pets","https://picsum.photos/seed/DWQ3LDih/2536/1617, https://picsum.photos/seed/fUTKi9MD/2754/893"
170,"Concurrent Product 1 - 08aa32b4",101,"Miscellaneous","New salmon Pizza with ergonomic design for hasty comfort","https://picsum.photos/seed/zz2yLud/1526/377, https://picsum.photos/seed/dUHwVUD1G/121/1255"
16,"Classic White Tee - Timeless Style and Comfort",73,"Clothes","Elevate your everyday wardrobe with our Classic White Tee. Crafted from premium soft cotton material, this versatile t-shirt combines comfort with durability, perfect for daily wear. Featuring a relaxed, unisex fit that flatters every body type, it's a staple piece for any casual ensemble. Easy to care for and machine washable, this white tee retains its shape and softness wash after wash. Pair it with your favorite jeans or layer it under a jacket for a smart look.","https://i.imgur.com/Y54Bt8J.jpeg, https://i.imgur.com/SZPDSgy.jpeg, https://i.imgur.com/sJv4Xx0.jpeg"
15,"Classic White Crew Neck T-Shirt",39,"Clothes","Elevate your basics with this versatile white crew neck tee. Made from a soft, breathable cotton blend, it offers both comfort and durability. Its sleek, timeless design ensures it pairs well with virtually any outfit. Ideal for layering or wearing on its own, this t-shirt is a must-have staple for every wardrobe.","https://i.imgur.com/axsyGpD.jpeg, https://i.imgur.com/T8oq9X2.jpeg, https://i.imgur.com/J6MinJn.jpeg"
13,"Classic Olive Chino Shorts",84,"Clothes","Elevate your casual wardrobe with these classic olive chino shorts. Designed for comfort and versatility, they feature a smooth waistband, practical pockets, and a tailored fit that makes them perfect for both relaxed weekends and smart-casual occasions. The durable fabric ensures they hold up throughout your daily activities while maintaining a stylish look.","https://i.imgur.com/UsFIvYs.jpeg, https://i.imgur.com/YIq57b6.jpeg"
14,"Classic High-Waisted Athletic Shorts",43,"Clothes","Stay comfortable and stylish with our Classic High-Waisted Athletic Shorts. Designed for optimal movement and versatility, these shorts are a must-have for your workout wardrobe. Featuring a figure-flattering high waist, breathable fabric, and a secure fit that ensures they stay in place during any activity, these shorts are perfect for the gym, running, or even just casual wear.","https://i.imgur.com/eGOUveI.jpeg, https://i.imgur.com/UcsGO7E.jpeg, https://i.imgur.com/NLn4e7S.jpeg"
44,"Classic Blue Suede Casual Shoes",39,"Shoes","Step into comfort with our Classic Blue Suede Casual Shoes, perfect for everyday wear. These shoes feature a stylish blue suede upper, durable rubber soles for superior traction, and classic lace-up fronts for a snug fit. The sleek design pairs well with both jeans and chinos, making them a versatile addition to any wardrobe.","https://i.imgur.com/sC0ztOB.jpeg, https://i.imgur.com/Jf9DL9R.jpeg, https://i.imgur.com/R1IN95T.jpeg"
17,"Classic Black T-Shirt",35,"Clothes","Elevate your everyday style with our Classic Black T-Shirt. This staple piece is crafted from soft, breathable cotton for all-day comfort. Its versatile design features a classic crew neck and short sleeves, making it perfect for layering or wearing on its own. Durable and easy to care for, it's sure to become a favorite in your wardrobe.","https://i.imgur.com/9DqEOV5.jpeg, https://i.imgur.com/ae0AEYn.jpeg, https://i.imgur.com/mZ4rUjj.jpeg"
12,"Classic Black Baseball Cap",58,"Clothes","Elevate your casual wear with this timeless black baseball cap. Made with high-quality, breathable fabric, it features an adjustable strap for the perfect fit. Whether you’re out for a jog or just running errands, this cap adds a touch of style to any outfit.","https://i.imgur.com/KeqG6r4.jpeg, https://i.imgur.com/xGQOw3p.jpeg, https://i.imgur.com/oO5OUjb.jpeg"
49,"Chic Transparent Fashion Handbag",61,"Miscellaneous","Elevate your style with our Chic Transparent Fashion Handbag, perfect for showcasing your essentials with a clear, modern edge. This trendy accessory features durable acrylic construction, luxe gold-tone hardware, and an elegant chain strap. Its compact size ensures you can carry your day-to-day items with ease and sophistication.","https://i.imgur.com/Lqaqz59.jpg, https://i.imgur.com/uSqWK0m.jpg, https://i.imgur.com/atWACf1.jpg"
37,"Chic Summer Denim Espadrille Sandals",33,"Shoes","Step into summer with style in our denim espadrille sandals. Featuring a braided jute sole for a classic touch and adjustable denim straps for a snug fit, these sandals offer both comfort and a fashionable edge. The easy slip-on design ensures convenience for beach days or casual outings.","https://i.imgur.com/9qrmE1b.jpeg, https://i.imgur.com/wqKxBVH.jpeg, https://i.imgur.com/sWSV6DK.jpeg"
76,"ccccccc",100000000,"Furniture","ccccccccccccccccc","https://encrypted-tbn0.gstatic.com/shopping?q=tbn:ANd9GcSSz1mU-fK_gOPUHtxpiDCxngNTW3w0Qa_h93jR55KwXnWtwmiaGI7JZJQ0iLKj2yss2pBAyHnzwRa7cBCFYBLQd8AtaJ2GqViVtorWwtk_Ve3c4PwMKocll1bUfQbxE9MC&usqp=CAc"
145,"cat shirt clothes",40,"Clothes","this is good for your cat.","https://lollimeowpet.com/cdn/shop/products/O1CN01DTynvH1SZ7cBdMaIj__1080692260.jpg"
52,"bulma",600000,"Electronics","adult  toy","https://encrypted-tbn0.gstatic.com/images?q=tbn:ANd9GcRbe7ewCZ8cgPOfP_q9ywe4ir73MZr9v9Yxzw&s"
261,"Bulk Test Product 4",291,"Electronics","Savor the sour essence in our Shirt, designed for dearest culinary adventures","https://picsum.photos/seed/U4D9eu6e/3811/2834, https://picsum.photos/seed/rZOAfVnQFj/1172/2996"
260,"Bulk Test Product 3",619,"Clothes","Our delicious-inspired Bacon brings a taste of luxury to your optimistic lifestyle","https://picsum.photos/seed/rxcteqWP/3994/3940, https://picsum.photos/seed/TwlGZKZNjy/2397/1448"
259,"Bulk Test Product 2",713,"Electronics","Discover the unfortunate new Chair with an exciting mix of Cotton ingredients","https://picsum.photos/seed/Y9KZFOn3XG/223/2348, https://picsum.photos/seed/vf1Ui/367/2306"
258,"Bulk Test Product 1",65,"Furniture","The orchid Mouse combines Falkland Islands (Malvinas) aesthetics with Cobalt-based durability","https://picsum.photos/seed/n44dDr2kNZ/3300/538, https://picsum.photos/seed/TaS7f62m/1315/834"
55,"buku intern",7823,"Furniture","bukuidnah","https://png.pngtree.com/png-vector/20230531/ourmid/pngtree-drawing-cute-bunny-rabbit-bunny-image-vector-png-image_6783160.png"
155,"Bespoke Gold Fish",52,"Miscellaneous","The Innovative well-modulated methodology Cheese offers reliable performance and diligent design","https://picsum.photos/seed/cYQhfB/994/2356, https://picsum.photos/seed/JeGMBBE1w/535/2306"
82,"balabal",50000,"Clothes","Sản phẩm mới","https://placeimg.com/640/480/any"
86,"asdasd",8,"Clothes","adasd","https://placehold.co/600x400"
102,"an ba mia",111,"Clothes","hello","https://picsum.photos/640/480"
83,"af",20300,"Clothes","adsf","https://cellphones.com.vn/sforum/wp-content/uploads/2020/09/anh-render-iPhone12-1.jpg"
108,"abcdxyzz 1770171606015",12,"Clothes","ádadasd","https://i.imgur.com/QkIa5tT.jpeg"
81,"abc",5000,"Clothes","aaaaaaaaa","https://placeimg.com/640/480/any"
99,"aaaaaaaaa",10,"Miscellaneous","sâsasd","https://encrypted-tbn0.gstatic.com/images?q=tbn:ANd9GcRfL2rmLdGSHRc4gWeNIFuF2LafciUEuZLkUA&s"
93,"aaaa",12,"Clothes","aa","https://i.imgur.com/1twoaDy.jpeg"
117,"aa",90,"Clothes","aa","https://encrypted-tbn0.gstatic.com/images?q=tbn:ANd9GcTm5hHANz6aT-5NcugwT6goIfCECJFzLUW4pQ&s"
74,"A Classic Hooded",20,"Clothes","Clothes","https://i.imgur.com/1twoaDy.jpeg"
85,"a",1,"Clothes","a","https://placeimg.com/640/480/any"
89,"123",2222,"Clothes","333333333333333333333333333333333333","https://i.imgur.com/1twoaDy.jpeg"
63,"121",5,"Clothes","qưqx","https://vn.images.search.yahoo.com/images/view;_ylt=AwrPqFgIn4Jp95EEMshtUwx.;_ylu=c2VjA3NyBHNsawNpbWcEb2lkAzdiZDAyZTg5MTU4MjNkMThiMTIyNzdhMmFmMDQwNGM0BGdwb3MDMgRpdANiaW5n?back=https%3A%2F%2Fvn.images.search.yahoo.com%2Fsearch%2Fimages%3Fp%3D%25E1%25BA%25A3nh%2Banime%26type%3DE210VN1590G91950%26fr%3Dmcafee%26fr2%3Dpiv-web%26tab%3Dorganic%26ri%3D2&w=3840&h=2160&imgurl=img3.thuthuatphanmem.vn%2Fuploads%2F2019%2F06%2F13%2Fanh-nen-anime-cho-may-tinh-dep_095239016.jpg&rurl=https%3A%2F%2Fthcshoanghiep.edu.vn%2F50-hinh-nen-anime-anh-nen-anime-dep-nhat-the-gioi%2F&size=1001KB&p=%E1%BA%A3nh+anime&oid=7bd02e8915823d18b12277a2af0404c4&fr2=piv-web&fr=mcafee&tt=50%2B+H%C3%ACnh+n%E1%BB%81n+Anime%2C+%E1%BA%A3nh+n%E1%BB%81n+Anime+%C4%91%E1%BA%B9p+nh%E1%BA%A5t+th%E1%BA%BF+gi%E1%BB%9Bi&b=0&ni=21&no=2&ts=&tab=organic&sigr=bb.npDqgkWLt&sigb=UK19KXcdVEo.&sigi=fIpYz69eXhzx&sigt=VdRsbA_eBEun&.crumb=Zkvtz1Akx/P&fr=mcafee&fr2=piv-web&type=E210VN1590G91950"
113,"120 yên lãng",10000,"Clothes","hello
","https://picsum.photos/640/480"
121,"111123",123321,"Clothes","dasdas","https://placeimg.com/640/480/any"
92,"1",1,"Clothes","1","https://placeimg.com/640/480/any"